papers_t0_DP_SAGE_nl8of8_cm0GB,SAGE,1024,128,16,4,"[10, 10, 10]",dryrun,0.0GB,cm0GB,0,0,0,0,7,36,215.39,8295.01,495.26,9005.66
papers_variance[1]_t0_NP_SAGE_nl8of8_cm0GB,SAGE,1024,128,16,4,"[10, 10, 10]",dryrun,0.0GB,cm0GB,0,0,0,0,7,36,411.11,5934.21,704.87,7050.19
papers_variance[0]_t0_MP_SAGE_nl8of8_cm0GB,SAGE,1024,128,16,4,"[10, 10, 10]",dryrun,0.0GB,cm0GB,0,0,0,0,7,36,17764.67,2775.54,10628.07,31168.28
papers_variance[1]_t0_DP_SAGE_nl8of8_cm1GB,SAGE,1024,128,16,4,"[10, 10, 10]",dryrun,1.0GB,cm1GB,2097152,268435456,0,0,7,36,220.79,8087.51,477.78,8786.09
papers_variance[1]_t0_NP_SAGE_nl8of8_cm1GB,SAGE,1024,128,16,4,"[10, 10, 10]",dryrun,1.0GB,cm1GB,2097152,268435456,0,0,7,36,411.0,7913.36,747.89,9072.25
papers_variance[0]_t0_MP_SAGE_nl8of8_cm1GB,SAGE,1024,128,16,4,"[10, 10, 10]",dryrun,1.0GB,cm1GB,67108864,8589934592,0,0,7,36,18074.75,207.78,10799.55,29082.07
papers_variance[1]_t0_DP_SAGE_nl8of8_cm2GB,SAGE,1024,128,16,4,"[10, 10, 10]",dryrun,2.0GB,cm2GB,4194304,536870912,0,0,7,36,219.66,8076.6,488.94,8785.21
papers_variance[1]_t0_NP_SAGE_nl8of8_cm2GB,SAGE,1024,128,16,4,"[10, 10, 10]",dryrun,2.0GB,cm2GB,4194304,536870912,0,0,7,36,414.22,7911.1,718.33,9043.66
"papers_variance[0, 2]_t0_MP_SAGE_nl8of8_cm2GB",SAGE,1024,128,16,4,"[10, 10, 10]",dryrun,2.0GB,cm2GB,111059956,14215674368,0,0,7,36,16760.47,211.58,11597.97,28570.02
papers_t0_DP_SAGE_nl8of8_cm3GB,SAGE,1024,128,16,4,"[10, 10, 10]",dryrun,3.0GB,cm3GB,6291456,805306368,0,0,7,36,223.21,8098.45,494.79,8816.45
papers_variance[1]_t0_NP_SAGE_nl8of8_cm3GB,SAGE,1024,128,16,4,"[10, 10, 10]",dryrun,3.0GB,cm3GB,6291456,805306368,0,0,7,36,407.0,7932.77,723.67,9063.44
"papers_variance[0, 2]_t0_MP_SAGE_nl8of8_cm3GB",SAGE,1024,128,16,4,"[10, 10, 10]",dryrun,3.0GB,cm3GB,111059956,14215674368,0,0,7,36,17125.64,210.23,10578.34,27914.21
papers_t0_DP_SAGE_nl8of8_cm4GB,SAGE,1024,128,16,4,"[10, 10, 10]",dryrun,4.0GB,cm4GB,8388608,1073741824,0,0,7,36,221.41,8098.83,486.22,8806.47
papers_t0_NP_SAGE_nl8of8_cm4GB,SAGE,1024,128,16,4,"[10, 10, 10]",dryrun,4.0GB,cm4GB,8388608,1073741824,0,0,7,36,414.44,7960.01,738.98,9113.43
papers_variance[0]_t0_MP_SAGE_nl8of8_cm4GB,SAGE,1024,128,16,4,"[10, 10, 10]",dryrun,4.0GB,cm4GB,111059956,14215674368,0,0,7,36,16720.17,212.39,10468.32,27400.88
papers_t0_DP_SAGE_nl8of8_cm5GB,SAGE,1024,128,16,4,"[10, 10, 10]",dryrun,5.0GB,cm5GB,10485760,1342177280,0,0,7,36,224.76,8093.44,500.76,8818.96
papers_variance[1]_t0_NP_SAGE_nl8of8_cm5GB,SAGE,1024,128,16,4,"[10, 10, 10]",dryrun,5.0GB,cm5GB,10485760,1342177280,0,0,7,36,404.25,7939.12,734.4,9077.77
papers_variance[0]_t0_MP_SAGE_nl8of8_cm5GB,SAGE,1024,128,16,4,"[10, 10, 10]",dryrun,5.0GB,cm5GB,111059956,14215674368,0,0,7,36,17138.47,208.72,10996.54,28343.73
papers_t0_DP_SAGE_nl8of8_cm6GB,SAGE,1024,128,16,4,"[10, 10, 10]",dryrun,6.0GB,cm6GB,12582912,1610612736,0,0,7,36,223.62,8104.56,495.0,8823.18
papers_variance[1]_t0_NP_SAGE_nl8of8_cm6GB,SAGE,1024,128,16,4,"[10, 10, 10]",dryrun,6.0GB,cm6GB,12582912,1610612736,0,0,7,36,405.14,7906.41,729.91,9041.46
papers_variance[0]_t0_MP_SAGE_nl8of8_cm6GB,SAGE,1024,128,16,4,"[10, 10, 10]",dryrun,6.0GB,cm6GB,111059956,14215674368,0,0,7,36,17127.28,209.38,10452.98,27789.64
papers_t0_DP_SAGE_nl8of8_cm7GB,SAGE,1024,128,16,4,"[10, 10, 10]",dryrun,7.0GB,cm7GB,14680064,1879048192,0,0,7,36,233.24,8099.98,513.59,8846.81
papers_t0_NP_SAGE_nl8of8_cm7GB,SAGE,1024,128,16,4,"[10, 10, 10]",dryrun,7.0GB,cm7GB,14680064,1879048192,0,0,7,36,414.07,7937.0,729.88,9080.95
papers_variance[0]_t0_MP_SAGE_nl8of8_cm7GB,SAGE,1024,128,16,4,"[10, 10, 10]",dryrun,7.0GB,cm7GB,111059956,14215674368,0,0,7,36,16168.37,213.2,10377.85,26759.41
papers_t0_DP_SAGE_nl8of8_cm8GB,SAGE,1024,128,16,4,"[10, 10, 10]",dryrun,8.0GB,cm8GB,16777216,2147483648,0,0,7,36,220.85,8093.79,488.39,8803.03
papers_t0_NP_SAGE_nl8of8_cm8GB,SAGE,1024,128,16,4,"[10, 10, 10]",dryrun,8.0GB,cm8GB,16777216,2147483648,0,0,7,36,406.04,7960.34,741.82,9108.21
papers_variance[0]_t0_MP_SAGE_nl8of8_cm8GB,SAGE,1024,128,16,4,"[10, 10, 10]",dryrun,8.0GB,cm8GB,111059956,14215674368,0,0,7,36,17865.03,211.4,10295.16,28371.59
papers_variance[1]_t0_DP_SAGE_nl12of8_cm0GB,SAGE,1024,128,16,4,"[10, 10, 10]",dryrun,0.0GB,cm0GB,0,0,0,0,7,36,218.08,682.47,457.65,1358.21
papers_t0_NP_SAGE_nl12of8_cm0GB,SAGE,1024,128,16,4,"[10, 10, 10]",dryrun,0.0GB,cm0GB,0,0,0,0,7,36,423.5,518.79,640.9,1583.19
"papers_variance[0, 2]_t0_MP_SAGE_nl12of8_cm0GB",SAGE,1024,128,16,4,"[10, 10, 10]",dryrun,0.0GB,cm0GB,0,0,0,0,7,36,16535.77,2770.32,10898.88,30204.98
papers_variance[1]_t0_DP_SAGE_nl12of8_cm1GB,SAGE,1024,128,16,4,"[10, 10, 10]",dryrun,1.0GB,cm1GB,2097152,268435456,0,0,7,36,214.45,483.8,449.31,1147.56
papers_t0_NP_SAGE_nl12of8_cm1GB,SAGE,1024,128,16,4,"[10, 10, 10]",dryrun,1.0GB,cm1GB,2097152,268435456,0,0,7,36,406.43,345.05,660.2,1411.68
papers_variance[0]_t0_MP_SAGE_nl12of8_cm1GB,SAGE,1024,128,16,4,"[10, 10, 10]",dryrun,1.0GB,cm1GB,67108864,8589934592,0,0,7,36,16784.41,214.32,10960.43,27959.15
papers_variance[1]_t0_DP_SAGE_nl12of8_cm2GB,SAGE,1024,128,16,4,"[10, 10, 10]",dryrun,2.0GB,cm2GB,4194304,536870912,0,0,7,36,211.43,491.89,458.56,1161.89
papers_t0_NP_SAGE_nl12of8_cm2GB,SAGE,1024,128,16,4,"[10, 10, 10]",dryrun,2.0GB,cm2GB,4194304,536870912,0,0,7,36,408.34,347.04,645.81,1401.19
papers_variance[0]_t0_MP_SAGE_nl12of8_cm2GB,SAGE,1024,128,16,4,"[10, 10, 10]",dryrun,2.0GB,cm2GB,111059956,14215674368,0,0,7,36,16032.0,210.55,10567.76,26810.31
papers_variance[1]_t0_DP_SAGE_nl12of8_cm3GB,SAGE,1024,128,16,4,"[10, 10, 10]",dryrun,3.0GB,cm3GB,6291456,805306368,0,0,7,36,224.27,498.42,460.23,1182.93
papers_t0_NP_SAGE_nl12of8_cm3GB,SAGE,1024,128,16,4,"[10, 10, 10]",dryrun,3.0GB,cm3GB,6291456,805306368,0,0,7,36,422.87,362.75,649.29,1434.92
papers_variance[0]_t0_MP_SAGE_nl12of8_cm3GB,SAGE,1024,128,16,4,"[10, 10, 10]",dryrun,3.0GB,cm3GB,111059956,14215674368,0,0,7,36,16751.47,213.34,10505.28,27470.09
papers_variance[1]_t0_DP_SAGE_nl12of8_cm4GB,SAGE,1024,128,16,4,"[10, 10, 10]",dryrun,4.0GB,cm4GB,8388608,1073741824,0,0,7,36,210.59,545.52,469.26,1225.37
papers_t0_NP_SAGE_nl12of8_cm4GB,SAGE,1024,128,16,4,"[10, 10, 10]",dryrun,4.0GB,cm4GB,8388608,1073741824,0,0,7,36,426.68,352.09,652.65,1431.43
"papers_variance[0, 2]_t0_MP_SAGE_nl12of8_cm4GB",SAGE,1024,128,16,4,"[10, 10, 10]",dryrun,4.0GB,cm4GB,111059956,14215674368,0,0,7,36,16555.02,215.36,10441.37,27211.75
papers_variance[1]_t0_DP_SAGE_nl12of8_cm5GB,SAGE,1024,128,16,4,"[10, 10, 10]",dryrun,5.0GB,cm5GB,10485760,1342177280,0,0,7,36,222.25,492.21,455.16,1169.62
papers_t0_NP_SAGE_nl12of8_cm5GB,SAGE,1024,128,16,4,"[10, 10, 10]",dryrun,5.0GB,cm5GB,10485760,1342177280,0,0,7,36,408.17,348.61,627.45,1384.24
"papers_variance[0, 2]_t0_MP_SAGE_nl12of8_cm5GB",SAGE,1024,128,16,4,"[10, 10, 10]",dryrun,5.0GB,cm5GB,111059956,14215674368,0,0,7,36,16224.42,217.83,10605.58,27047.84
papers_variance[1]_t0_DP_SAGE_nl12of8_cm6GB,SAGE,1024,128,16,4,"[10, 10, 10]",dryrun,6.0GB,cm6GB,12582912,1610612736,0,0,7,36,215.41,612.69,459.09,1287.19
papers_t0_NP_SAGE_nl12of8_cm6GB,SAGE,1024,128,16,4,"[10, 10, 10]",dryrun,6.0GB,cm6GB,12582912,1610612736,0,0,7,36,416.08,358.61,640.35,1415.04
papers_variance[0]_t0_MP_SAGE_nl12of8_cm6GB,SAGE,1024,128,16,4,"[10, 10, 10]",dryrun,6.0GB,cm6GB,111059956,14215674368,0,0,7,36,16904.44,210.17,10406.11,27520.73
papers_variance[1]_t0_DP_SAGE_nl12of8_cm7GB,SAGE,1024,128,16,4,"[10, 10, 10]",dryrun,7.0GB,cm7GB,14680064,1879048192,0,0,7,36,219.44,559.6,461.5,1240.54
papers_t0_NP_SAGE_nl12of8_cm7GB,SAGE,1024,128,16,4,"[10, 10, 10]",dryrun,7.0GB,cm7GB,14680064,1879048192,0,0,7,36,408.15,355.38,644.81,1408.33
"papers_variance[0, 2]_t0_MP_SAGE_nl12of8_cm7GB",SAGE,1024,128,16,4,"[10, 10, 10]",dryrun,7.0GB,cm7GB,111059956,14215674368,0,0,7,36,16785.77,207.28,10571.32,27564.37
papers_variance[1]_t0_DP_SAGE_nl12of8_cm8GB,SAGE,1024,128,16,4,"[10, 10, 10]",dryrun,8.0GB,cm8GB,16777216,2147483648,0,0,7,36,215.42,517.17,468.28,1200.87
papers_t0_NP_SAGE_nl12of8_cm8GB,SAGE,1024,128,16,4,"[10, 10, 10]",dryrun,8.0GB,cm8GB,16777216,2147483648,0,0,7,36,402.88,343.29,643.53,1389.7
papers_variance[0]_t0_MP_SAGE_nl12of8_cm8GB,SAGE,1024,128,16,4,"[10, 10, 10]",dryrun,8.0GB,cm8GB,111059956,14215674368,0,0,7,36,16597.17,212.41,10374.54,27184.12
papers_t0_DP_SAGE_nl16of8_cm0GB,SAGE,1024,128,16,4,"[10, 10, 10]",dryrun,0.0GB,cm0GB,0,0,0,0,7,36,222.94,634.5,447.23,1304.67
papers_t0_NP_SAGE_nl16of8_cm0GB,SAGE,1024,128,16,4,"[10, 10, 10]",dryrun,0.0GB,cm0GB,0,0,0,0,7,36,409.74,510.78,646.74,1567.26
"papers_variance[0, 2]_t0_MP_SAGE_nl16of8_cm0GB",SAGE,1024,128,16,4,"[10, 10, 10]",dryrun,0.0GB,cm0GB,0,0,0,0,7,36,17570.96,2774.76,11706.86,32052.58
papers_variance[1]_t0_DP_SAGE_nl16of8_cm1GB,SAGE,1024,128,16,4,"[10, 10, 10]",dryrun,1.0GB,cm1GB,2097152,268435456,0,0,7,36,217.08,481.07,450.92,1149.06
papers_t0_NP_SAGE_nl16of8_cm1GB,SAGE,1024,128,16,4,"[10, 10, 10]",dryrun,1.0GB,cm1GB,2097152,268435456,0,0,7,36,409.98,349.53,636.28,1395.8
papers_variance[0]_t0_MP_SAGE_nl16of8_cm1GB,SAGE,1024,128,16,4,"[10, 10, 10]",dryrun,1.0GB,cm1GB,67108864,8589934592,0,0,7,36,17287.36,212.38,10459.19,27958.93
papers_variance[1]_t0_DP_SAGE_nl16of8_cm2GB,SAGE,1024,128,16,4,"[10, 10, 10]",dryrun,2.0GB,cm2GB,4194304,536870912,0,0,7,36,215.32,470.86,453.26,1139.45
papers_t0_NP_SAGE_nl16of8_cm2GB,SAGE,1024,128,16,4,"[10, 10, 10]",dryrun,2.0GB,cm2GB,4194304,536870912,0,0,7,36,402.48,342.14,654.27,1398.89
papers_variance[0]_t0_MP_SAGE_nl16of8_cm2GB,SAGE,1024,128,16,4,"[10, 10, 10]",dryrun,2.0GB,cm2GB,111059956,14215674368,0,0,7,36,17306.69,211.49,10340.76,27858.94
papers_t0_DP_SAGE_nl16of8_cm3GB,SAGE,1024,128,16,4,"[10, 10, 10]",dryrun,3.0GB,cm3GB,6291456,805306368,0,0,7,36,215.14,450.8,445.44,1111.38
papers_t0_NP_SAGE_nl16of8_cm3GB,SAGE,1024,128,16,4,"[10, 10, 10]",dryrun,3.0GB,cm3GB,6291456,805306368,0,0,7,36,422.45,357.29,641.38,1421.12
"papers_variance[0, 2]_t0_MP_SAGE_nl16of8_cm3GB",SAGE,1024,128,16,4,"[10, 10, 10]",dryrun,3.0GB,cm3GB,111059956,14215674368,0,0,7,36,17361.72,218.09,10698.82,28278.63
papers_t0_DP_SAGE_nl16of8_cm4GB,SAGE,1024,128,16,4,"[10, 10, 10]",dryrun,4.0GB,cm4GB,8388608,1073741824,0,0,7,36,215.88,446.32,458.99,1121.19
papers_t0_NP_SAGE_nl16of8_cm4GB,SAGE,1024,128,16,4,"[10, 10, 10]",dryrun,4.0GB,cm4GB,8388608,1073741824,0,0,7,36,418.28,355.86,643.04,1417.17
papers_variance[0]_t0_MP_SAGE_nl16of8_cm4GB,SAGE,1024,128,16,4,"[10, 10, 10]",dryrun,4.0GB,cm4GB,111059956,14215674368,0,0,7,36,16696.25,211.85,10659.74,27567.84
papers_variance[1]_t0_DP_SAGE_nl16of8_cm5GB,SAGE,1024,128,16,4,"[10, 10, 10]",dryrun,5.0GB,cm5GB,10485760,1342177280,0,0,7,36,222.98,474.98,464.34,1162.3
papers_t0_NP_SAGE_nl16of8_cm5GB,SAGE,1024,128,16,4,"[10, 10, 10]",dryrun,5.0GB,cm5GB,10485760,1342177280,0,0,7,36,416.42,345.78,647.17,1409.37
"papers_variance[0, 2]_t0_MP_SAGE_nl16of8_cm5GB",SAGE,1024,128,16,4,"[10, 10, 10]",dryrun,5.0GB,cm5GB,111059956,14215674368,0,0,7,36,17439.62,212.49,10585.69,28237.8
papers_variance[1]_t0_DP_SAGE_nl16of8_cm6GB,SAGE,1024,128,16,4,"[10, 10, 10]",dryrun,6.0GB,cm6GB,12582912,1610612736,0,0,7,36,209.02,499.51,459.36,1167.89
papers_t0_NP_SAGE_nl16of8_cm6GB,SAGE,1024,128,16,4,"[10, 10, 10]",dryrun,6.0GB,cm6GB,12582912,1610612736,0,0,7,36,410.15,354.58,643.81,1408.54
papers_variance[0]_t0_MP_SAGE_nl16of8_cm6GB,SAGE,1024,128,16,4,"[10, 10, 10]",dryrun,6.0GB,cm6GB,111059956,14215674368,0,0,7,36,16046.82,208.15,10660.59,26915.57
papers_t0_DP_SAGE_nl16of8_cm7GB,SAGE,1024,128,16,4,"[10, 10, 10]",dryrun,7.0GB,cm7GB,14680064,1879048192,0,0,7,36,212.29,435.15,469.92,1117.36
papers_t0_NP_SAGE_nl16of8_cm7GB,SAGE,1024,128,16,4,"[10, 10, 10]",dryrun,7.0GB,cm7GB,14680064,1879048192,0,0,7,36,421.01,356.5,640.07,1417.58
papers_variance[0]_t0_MP_SAGE_nl16of8_cm7GB,SAGE,1024,128,16,4,"[10, 10, 10]",dryrun,7.0GB,cm7GB,111059956,14215674368,0,0,7,36,17456.15,214.23,10463.5,28133.89
papers_t0_DP_SAGE_nl16of8_cm8GB,SAGE,1024,128,16,4,"[10, 10, 10]",dryrun,8.0GB,cm8GB,16777216,2147483648,0,0,7,36,215.55,441.66,463.33,1120.55
papers_t0_NP_SAGE_nl16of8_cm8GB,SAGE,1024,128,16,4,"[10, 10, 10]",dryrun,8.0GB,cm8GB,16777216,2147483648,0,0,7,36,406.43,344.5,640.72,1391.66
papers_variance[0]_t0_MP_SAGE_nl16of8_cm8GB,SAGE,1024,128,16,4,"[10, 10, 10]",dryrun,8.0GB,cm8GB,111059956,14215674368,0,0,7,36,16478.44,211.83,10560.65,27250.92
papers_t0_DP_SAGE_nl20of8_cm0GB,SAGE,1024,128,16,4,"[10, 10, 10]",dryrun,0.0GB,cm0GB,0,0,0,0,7,36,217.24,605.24,449.23,1271.72
papers_t0_NP_SAGE_nl20of8_cm0GB,SAGE,1024,128,16,4,"[10, 10, 10]",dryrun,0.0GB,cm0GB,0,0,0,0,7,36,421.74,514.06,646.85,1582.65
papers_variance[0]_t0_MP_SAGE_nl20of8_cm0GB,SAGE,1024,128,16,4,"[10, 10, 10]",dryrun,0.0GB,cm0GB,0,0,0,0,7,36,17203.49,2764.47,10487.82,30455.78
papers_t0_DP_SAGE_nl20of8_cm1GB,SAGE,1024,128,16,4,"[10, 10, 10]",dryrun,1.0GB,cm1GB,2097152,268435456,0,0,7,36,209.14,414.19,448.18,1071.51
papers_t0_NP_SAGE_nl20of8_cm1GB,SAGE,1024,128,16,4,"[10, 10, 10]",dryrun,1.0GB,cm1GB,2097152,268435456,0,0,7,36,406.76,342.7,646.89,1396.36
papers_variance[0]_t0_MP_SAGE_nl20of8_cm1GB,SAGE,1024,128,16,4,"[10, 10, 10]",dryrun,1.0GB,cm1GB,67108864,8589934592,0,0,7,36,17857.13,212.77,12093.15,30163.06
papers_t0_DP_SAGE_nl20of8_cm2GB,SAGE,1024,128,16,4,"[10, 10, 10]",dryrun,2.0GB,cm2GB,4194304,536870912,0,0,7,36,215.01,412.38,473.69,1101.08
papers_t0_NP_SAGE_nl20of8_cm2GB,SAGE,1024,128,16,4,"[10, 10, 10]",dryrun,2.0GB,cm2GB,4194304,536870912,0,0,7,36,415.45,342.9,676.35,1434.7
papers_variance[0]_t0_MP_SAGE_nl20of8_cm2GB,SAGE,1024,128,16,4,"[10, 10, 10]",dryrun,2.0GB,cm2GB,111059956,14215674368,0,0,7,36,16446.9,208.32,10386.0,27041.22
papers_t0_DP_SAGE_nl20of8_cm3GB,SAGE,1024,128,16,4,"[10, 10, 10]",dryrun,3.0GB,cm3GB,6291456,805306368,0,0,7,36,214.51,412.44,465.18,1092.12
papers_t0_NP_SAGE_nl20of8_cm3GB,SAGE,1024,128,16,4,"[10, 10, 10]",dryrun,3.0GB,cm3GB,6291456,805306368,0,0,7,36,416.51,347.45,677.57,1441.53
papers_variance[0]_t0_MP_SAGE_nl20of8_cm3GB,SAGE,1024,128,16,4,"[10, 10, 10]",dryrun,3.0GB,cm3GB,111059956,14215674368,0,0,7,36,16530.68,211.13,10344.75,27086.56
papers_t0_DP_SAGE_nl20of8_cm4GB,SAGE,1024,128,16,4,"[10, 10, 10]",dryrun,4.0GB,cm4GB,8388608,1073741824,0,0,7,36,215.95,412.23,474.25,1102.43
papers_variance[0]_t0_NP_SAGE_nl20of8_cm4GB,SAGE,1024,128,16,4,"[10, 10, 10]",dryrun,4.0GB,cm4GB,8388608,1073741824,0,0,7,36,430.9,356.36,661.83,1449.09
"papers_variance[0, 2]_t0_MP_SAGE_nl20of8_cm4GB",SAGE,1024,128,16,4,"[10, 10, 10]",dryrun,4.0GB,cm4GB,111059956,14215674368,0,0,7,36,17608.86,212.07,11081.12,28902.05
papers_variance[0]_t0_DP_SAGE_nl20of8_cm5GB,SAGE,1024,128,16,4,"[10, 10, 10]",dryrun,5.0GB,cm5GB,10485760,1342177280,0,0,7,36,221.4,412.44,463.89,1097.73
papers_t0_NP_SAGE_nl20of8_cm5GB,SAGE,1024,128,16,4,"[10, 10, 10]",dryrun,5.0GB,cm5GB,10485760,1342177280,0,0,7,36,418.32,359.0,648.11,1425.43
"papers_variance[0, 2]_t0_MP_SAGE_nl20of8_cm5GB",SAGE,1024,128,16,4,"[10, 10, 10]",dryrun,5.0GB,cm5GB,111059956,14215674368,0,0,7,36,16402.59,208.74,10900.54,27511.87
papers_t0_DP_SAGE_nl20of8_cm6GB,SAGE,1024,128,16,4,"[10, 10, 10]",dryrun,6.0GB,cm6GB,12582912,1610612736,0,0,7,36,214.29,409.09,455.26,1078.64
papers_t0_NP_SAGE_nl20of8_cm6GB,SAGE,1024,128,16,4,"[10, 10, 10]",dryrun,6.0GB,cm6GB,12582912,1610612736,0,0,7,36,403.18,342.7,679.88,1425.76
"papers_variance[0, 2]_t0_MP_SAGE_nl20of8_cm6GB",SAGE,1024,128,16,4,"[10, 10, 10]",dryrun,6.0GB,cm6GB,111059956,14215674368,0,0,7,36,16977.56,212.13,10520.03,27709.71
papers_t0_DP_SAGE_nl20of8_cm7GB,SAGE,1024,128,16,4,"[10, 10, 10]",dryrun,7.0GB,cm7GB,14680064,1879048192,0,0,7,36,210.58,408.12,456.49,1075.19
papers_t0_NP_SAGE_nl20of8_cm7GB,SAGE,1024,128,16,4,"[10, 10, 10]",dryrun,7.0GB,cm7GB,14680064,1879048192,0,0,7,36,411.11,344.78,668.75,1424.65
papers_variance[0]_t0_MP_SAGE_nl20of8_cm7GB,SAGE,1024,128,16,4,"[10, 10, 10]",dryrun,7.0GB,cm7GB,111059956,14215674368,0,0,7,36,17436.35,213.27,10449.22,28098.84
papers_t0_DP_SAGE_nl20of8_cm8GB,SAGE,1024,128,16,4,"[10, 10, 10]",dryrun,8.0GB,cm8GB,16777216,2147483648,0,0,7,36,226.45,417.85,472.23,1116.53
papers_t0_NP_SAGE_nl20of8_cm8GB,SAGE,1024,128,16,4,"[10, 10, 10]",dryrun,8.0GB,cm8GB,16777216,2147483648,0,0,7,36,408.26,339.11,655.84,1403.21
"papers_variance[0, 2]_t0_MP_SAGE_nl20of8_cm8GB",SAGE,1024,128,16,4,"[10, 10, 10]",dryrun,8.0GB,cm8GB,111059956,14215674368,0,0,7,36,17742.16,213.11,11553.05,29508.32
papers_t0_DP_SAGE_nl24of8_cm0GB,SAGE,1024,128,16,4,"[10, 10, 10]",dryrun,0.0GB,cm0GB,0,0,0,0,7,36,213.69,566.24,460.8,1240.73
papers_t0_NP_SAGE_nl24of8_cm0GB,SAGE,1024,128,16,4,"[10, 10, 10]",dryrun,0.0GB,cm0GB,0,0,0,0,7,36,428.52,505.05,648.07,1581.64
papers_variance[0]_t0_MP_SAGE_nl24of8_cm0GB,SAGE,1024,128,16,4,"[10, 10, 10]",dryrun,0.0GB,cm0GB,0,0,0,0,7,36,17189.61,2774.3,11137.96,31101.87
papers_t0_DP_SAGE_nl24of8_cm1GB,SAGE,1024,128,16,4,"[10, 10, 10]",dryrun,1.0GB,cm1GB,2097152,268435456,0,0,7,36,209.0,360.13,443.39,1012.51
papers_t0_NP_SAGE_nl24of8_cm1GB,SAGE,1024,128,16,4,"[10, 10, 10]",dryrun,1.0GB,cm1GB,2097152,268435456,0,0,7,36,436.14,352.38,657.97,1446.48
"papers_variance[0, 2]_t0_MP_SAGE_nl24of8_cm1GB",SAGE,1024,128,16,4,"[10, 10, 10]",dryrun,1.0GB,cm1GB,67108864,8589934592,0,0,7,36,17593.37,211.73,10822.48,28627.58
papers_t0_DP_SAGE_nl24of8_cm2GB,SAGE,1024,128,16,4,"[10, 10, 10]",dryrun,2.0GB,cm2GB,4194304,536870912,0,0,7,36,221.77,374.2,477.25,1073.21
papers_t0_NP_SAGE_nl24of8_cm2GB,SAGE,1024,128,16,4,"[10, 10, 10]",dryrun,2.0GB,cm2GB,4194304,536870912,0,0,7,36,419.14,340.63,643.11,1402.89
papers_variance[0]_t0_MP_SAGE_nl24of8_cm2GB,SAGE,1024,128,16,4,"[10, 10, 10]",dryrun,2.0GB,cm2GB,111059956,14215674368,0,0,7,36,16003.01,211.72,10531.16,26745.89
papers_t0_DP_SAGE_nl24of8_cm3GB,SAGE,1024,128,16,4,"[10, 10, 10]",dryrun,3.0GB,cm3GB,6291456,805306368,0,0,7,36,213.47,373.04,460.38,1046.89
papers_t0_NP_SAGE_nl24of8_cm3GB,SAGE,1024,128,16,4,"[10, 10, 10]",dryrun,3.0GB,cm3GB,6291456,805306368,0,0,7,36,421.44,347.55,653.93,1422.92
papers_variance[0]_t0_MP_SAGE_nl24of8_cm3GB,SAGE,1024,128,16,4,"[10, 10, 10]",dryrun,3.0GB,cm3GB,111059956,14215674368,0,0,7,36,17498.56,217.9,10755.85,28472.3
papers_t0_DP_SAGE_nl24of8_cm4GB,SAGE,1024,128,16,4,"[10, 10, 10]",dryrun,4.0GB,cm4GB,8388608,1073741824,0,0,7,36,221.08,375.49,472.51,1069.07
papers_t0_NP_SAGE_nl24of8_cm4GB,SAGE,1024,128,16,4,"[10, 10, 10]",dryrun,4.0GB,cm4GB,8388608,1073741824,0,0,7,36,404.16,336.97,660.88,1402.01
papers_variance[0]_t0_MP_SAGE_nl24of8_cm4GB,SAGE,1024,128,16,4,"[10, 10, 10]",dryrun,4.0GB,cm4GB,111059956,14215674368,0,0,7,36,16579.09,213.14,10399.59,27191.83
papers_t0_DP_SAGE_nl24of8_cm5GB,SAGE,1024,128,16,4,"[10, 10, 10]",dryrun,5.0GB,cm5GB,10485760,1342177280,0,0,7,36,221.95,373.37,463.2,1058.51
papers_t0_NP_SAGE_nl24of8_cm5GB,SAGE,1024,128,16,4,"[10, 10, 10]",dryrun,5.0GB,cm5GB,10485760,1342177280,0,0,7,36,404.13,335.37,667.05,1406.55
papers_variance[0]_t0_MP_SAGE_nl24of8_cm5GB,SAGE,1024,128,16,4,"[10, 10, 10]",dryrun,5.0GB,cm5GB,111059956,14215674368,0,0,7,36,17450.24,206.47,10370.34,28027.04
papers_t0_DP_SAGE_nl24of8_cm6GB,SAGE,1024,128,16,4,"[10, 10, 10]",dryrun,6.0GB,cm6GB,12582912,1610612736,0,0,7,36,222.65,375.26,447.0,1044.91
papers_t0_NP_SAGE_nl24of8_cm6GB,SAGE,1024,128,16,4,"[10, 10, 10]",dryrun,6.0GB,cm6GB,12582912,1610612736,0,0,7,36,405.95,333.16,629.43,1368.54
papers_variance[0]_t0_MP_SAGE_nl24of8_cm6GB,SAGE,1024,128,16,4,"[10, 10, 10]",dryrun,6.0GB,cm6GB,111059956,14215674368,0,0,7,36,17695.15,207.17,10575.66,28477.98
papers_t0_DP_SAGE_nl24of8_cm7GB,SAGE,1024,128,16,4,"[10, 10, 10]",dryrun,7.0GB,cm7GB,14680064,1879048192,0,0,7,36,209.07,366.22,457.58,1032.86
papers_t0_NP_SAGE_nl24of8_cm7GB,SAGE,1024,128,16,4,"[10, 10, 10]",dryrun,7.0GB,cm7GB,14680064,1879048192,0,0,7,36,426.22,346.64,665.2,1438.05
papers_variance[0]_t0_MP_SAGE_nl24of8_cm7GB,SAGE,1024,128,16,4,"[10, 10, 10]",dryrun,7.0GB,cm7GB,111059956,14215674368,0,0,7,36,17550.25,211.63,10413.87,28175.75
papers_t0_DP_SAGE_nl24of8_cm8GB,SAGE,1024,128,16,4,"[10, 10, 10]",dryrun,8.0GB,cm8GB,16777216,2147483648,0,0,7,36,218.05,381.31,454.79,1054.14
papers_t0_NP_SAGE_nl24of8_cm8GB,SAGE,1024,128,16,4,"[10, 10, 10]",dryrun,8.0GB,cm8GB,16777216,2147483648,0,0,7,36,425.16,350.03,668.35,1443.54
papers_variance[0]_t0_MP_SAGE_nl24of8_cm8GB,SAGE,1024,128,16,4,"[10, 10, 10]",dryrun,8.0GB,cm8GB,111059956,14215674368,0,0,7,36,17474.33,216.3,11654.29,29344.92
papers_t0_DP_SAGE_nl28of8_cm0GB,SAGE,1024,128,16,4,"[10, 10, 10]",dryrun,0.0GB,cm0GB,0,0,0,0,7,36,214.59,563.51,443.83,1221.93
papers_t0_NP_SAGE_nl28of8_cm0GB,SAGE,1024,128,16,4,"[10, 10, 10]",dryrun,0.0GB,cm0GB,0,0,0,0,7,36,418.95,500.72,680.17,1599.84
papers_variance[0]_t0_MP_SAGE_nl28of8_cm0GB,SAGE,1024,128,16,4,"[10, 10, 10]",dryrun,0.0GB,cm0GB,0,0,0,0,7,36,18019.44,2773.53,11390.23,32183.19
papers_t0_DP_SAGE_nl28of8_cm1GB,SAGE,1024,128,16,4,"[10, 10, 10]",dryrun,1.0GB,cm1GB,2097152,268435456,0,0,7,36,208.44,360.89,438.98,1008.31
papers_t0_NP_SAGE_nl28of8_cm1GB,SAGE,1024,128,16,4,"[10, 10, 10]",dryrun,1.0GB,cm1GB,2097152,268435456,0,0,7,36,413.12,344.44,655.35,1412.91
papers_variance[0]_t0_MP_SAGE_nl28of8_cm1GB,SAGE,1024,128,16,4,"[10, 10, 10]",dryrun,1.0GB,cm1GB,67108864,8589934592,0,0,7,36,16224.15,218.67,10446.9,26889.71
papers_t0_DP_SAGE_nl28of8_cm2GB,SAGE,1024,128,16,4,"[10, 10, 10]",dryrun,2.0GB,cm2GB,4194304,536870912,0,0,7,36,225.23,363.57,471.46,1060.26
papers_t0_NP_SAGE_nl28of8_cm2GB,SAGE,1024,128,16,4,"[10, 10, 10]",dryrun,2.0GB,cm2GB,4194304,536870912,0,0,7,36,416.49,336.97,641.3,1394.76
papers_variance[0]_t0_MP_SAGE_nl28of8_cm2GB,SAGE,1024,128,16,4,"[10, 10, 10]",dryrun,2.0GB,cm2GB,111059956,14215674368,0,0,7,36,16753.07,214.01,10622.39,27589.47
papers_t0_DP_SAGE_nl28of8_cm3GB,SAGE,1024,128,16,4,"[10, 10, 10]",dryrun,3.0GB,cm3GB,6291456,805306368,0,0,7,36,216.48,363.57,446.05,1026.09
papers_t0_NP_SAGE_nl28of8_cm3GB,SAGE,1024,128,16,4,"[10, 10, 10]",dryrun,3.0GB,cm3GB,6291456,805306368,0,0,7,36,425.94,343.33,651.6,1420.87
"papers_variance[0, 2]_t0_MP_SAGE_nl28of8_cm3GB",SAGE,1024,128,16,4,"[10, 10, 10]",dryrun,3.0GB,cm3GB,111059956,14215674368,0,0,7,36,16133.95,212.77,10465.83,26812.55
papers_variance[0]_t0_DP_SAGE_nl28of8_cm4GB,SAGE,1024,128,16,4,"[10, 10, 10]",dryrun,4.0GB,cm4GB,8388608,1073741824,0,0,7,36,211.87,351.76,449.05,1012.69
papers_t0_NP_SAGE_nl28of8_cm4GB,SAGE,1024,128,16,4,"[10, 10, 10]",dryrun,4.0GB,cm4GB,8388608,1073741824,0,0,7,36,411.5,344.7,642.24,1398.44
papers_variance[0]_t0_MP_SAGE_nl28of8_cm4GB,SAGE,1024,128,16,4,"[10, 10, 10]",dryrun,4.0GB,cm4GB,111059956,14215674368,0,0,7,36,16918.83,207.94,10576.58,27703.35
papers_t0_DP_SAGE_nl28of8_cm5GB,SAGE,1024,128,16,4,"[10, 10, 10]",dryrun,5.0GB,cm5GB,10485760,1342177280,0,0,7,36,207.9,348.87,450.79,1007.56
papers_t0_NP_SAGE_nl28of8_cm5GB,SAGE,1024,128,16,4,"[10, 10, 10]",dryrun,5.0GB,cm5GB,10485760,1342177280,0,0,7,36,415.34,335.51,671.52,1422.37
"papers_variance[0, 2]_t0_MP_SAGE_nl28of8_cm5GB",SAGE,1024,128,16,4,"[10, 10, 10]",dryrun,5.0GB,cm5GB,111059956,14215674368,0,0,7,36,17252.8,210.33,10657.37,28120.5
papers_t0_DP_SAGE_nl28of8_cm6GB,SAGE,1024,128,16,4,"[10, 10, 10]",dryrun,6.0GB,cm6GB,12582912,1610612736,0,0,7,36,213.55,358.98,441.39,1013.91
papers_t0_NP_SAGE_nl28of8_cm6GB,SAGE,1024,128,16,4,"[10, 10, 10]",dryrun,6.0GB,cm6GB,12582912,1610612736,0,0,7,36,414.83,342.93,671.43,1429.19
"papers_variance[0, 2]_t0_MP_SAGE_nl28of8_cm6GB",SAGE,1024,128,16,4,"[10, 10, 10]",dryrun,6.0GB,cm6GB,111059956,14215674368,0,0,7,36,16220.24,209.17,10570.51,26999.92
papers_t0_DP_SAGE_nl28of8_cm7GB,SAGE,1024,128,16,4,"[10, 10, 10]",dryrun,7.0GB,cm7GB,14680064,1879048192,0,0,7,36,209.62,351.25,441.81,1002.69
papers_t0_NP_SAGE_nl28of8_cm7GB,SAGE,1024,128,16,4,"[10, 10, 10]",dryrun,7.0GB,cm7GB,14680064,1879048192,0,0,7,36,416.16,340.78,678.11,1435.05
papers_variance[0]_t0_MP_SAGE_nl28of8_cm7GB,SAGE,1024,128,16,4,"[10, 10, 10]",dryrun,7.0GB,cm7GB,111059956,14215674368,0,0,7,36,17257.88,210.23,10402.5,27870.61
papers_variance[1]_t0_DP_SAGE_nl28of8_cm8GB,SAGE,1024,128,16,4,"[10, 10, 10]",dryrun,8.0GB,cm8GB,16777216,2147483648,0,0,7,36,214.91,359.18,465.37,1039.46
papers_t0_NP_SAGE_nl28of8_cm8GB,SAGE,1024,128,16,4,"[10, 10, 10]",dryrun,8.0GB,cm8GB,16777216,2147483648,0,0,7,36,426.31,341.48,668.21,1436.0
papers_variance[0]_t0_MP_SAGE_nl28of8_cm8GB,SAGE,1024,128,16,4,"[10, 10, 10]",dryrun,8.0GB,cm8GB,111059956,14215674368,0,0,7,36,17309.01,216.47,10988.07,28513.55
papers_t0_DP_SAGE_nl32of8_cm0GB,SAGE,1024,128,16,4,"[10, 10, 10]",dryrun,0.0GB,cm0GB,0,0,0,0,7,36,217.87,553.28,444.66,1215.82
papers_t0_NP_SAGE_nl32of8_cm0GB,SAGE,1024,128,16,4,"[10, 10, 10]",dryrun,0.0GB,cm0GB,0,0,0,0,7,36,435.81,512.97,665.41,1614.19
papers_variance[0]_t0_MP_SAGE_nl32of8_cm0GB,SAGE,1024,128,16,4,"[10, 10, 10]",dryrun,0.0GB,cm0GB,0,0,0,0,7,36,15981.86,2770.86,10443.67,29196.39
papers_t0_DP_SAGE_nl32of8_cm1GB,SAGE,1024,128,16,4,"[10, 10, 10]",dryrun,1.0GB,cm1GB,2097152,268435456,0,0,7,36,218.6,358.85,443.79,1021.24
papers_t0_NP_SAGE_nl32of8_cm1GB,SAGE,1024,128,16,4,"[10, 10, 10]",dryrun,1.0GB,cm1GB,2097152,268435456,0,0,7,36,435.2,344.04,663.27,1442.51
"papers_variance[0, 2]_t0_MP_SAGE_nl32of8_cm1GB",SAGE,1024,128,16,4,"[10, 10, 10]",dryrun,1.0GB,cm1GB,67108864,8589934592,0,0,7,36,16672.39,209.3,10495.95,27377.64
papers_t0_DP_SAGE_nl32of8_cm2GB,SAGE,1024,128,16,4,"[10, 10, 10]",dryrun,2.0GB,cm2GB,4194304,536870912,0,0,7,36,208.16,342.58,432.69,983.42
papers_t0_NP_SAGE_nl32of8_cm2GB,SAGE,1024,128,16,4,"[10, 10, 10]",dryrun,2.0GB,cm2GB,4194304,536870912,0,0,7,36,427.54,337.89,659.78,1425.21
papers_variance[0]_t0_MP_SAGE_nl32of8_cm2GB,SAGE,1024,128,16,4,"[10, 10, 10]",dryrun,2.0GB,cm2GB,111059956,14215674368,0,0,7,36,16102.39,211.9,10465.02,26779.3
papers_t0_DP_SAGE_nl32of8_cm3GB,SAGE,1024,128,16,4,"[10, 10, 10]",dryrun,3.0GB,cm3GB,6291456,805306368,0,0,7,36,211.81,343.46,441.62,996.9
papers_t0_NP_SAGE_nl32of8_cm3GB,SAGE,1024,128,16,4,"[10, 10, 10]",dryrun,3.0GB,cm3GB,6291456,805306368,0,0,7,36,433.9,343.63,666.34,1443.88
"papers_variance[0, 2]_t0_MP_SAGE_nl32of8_cm3GB",SAGE,1024,128,16,4,"[10, 10, 10]",dryrun,3.0GB,cm3GB,111059956,14215674368,0,0,7,36,18542.57,214.3,11768.95,30525.82
papers_t0_DP_SAGE_nl32of8_cm4GB,SAGE,1024,128,16,4,"[10, 10, 10]",dryrun,4.0GB,cm4GB,8388608,1073741824,0,0,7,36,215.2,352.15,428.17,995.53
papers_t0_NP_SAGE_nl32of8_cm4GB,SAGE,1024,128,16,4,"[10, 10, 10]",dryrun,4.0GB,cm4GB,8388608,1073741824,0,0,7,36,410.84,331.11,647.87,1389.83
"papers_variance[0, 2]_t0_MP_SAGE_nl32of8_cm4GB",SAGE,1024,128,16,4,"[10, 10, 10]",dryrun,4.0GB,cm4GB,111059956,14215674368,0,0,7,36,16434.62,209.09,10633.11,27276.82
papers_t0_DP_SAGE_nl32of8_cm5GB,SAGE,1024,128,16,4,"[10, 10, 10]",dryrun,5.0GB,cm5GB,10485760,1342177280,0,0,7,36,210.79,343.94,435.66,990.4
papers_t0_NP_SAGE_nl32of8_cm5GB,SAGE,1024,128,16,4,"[10, 10, 10]",dryrun,5.0GB,cm5GB,10485760,1342177280,0,0,7,36,429.41,350.6,670.1,1450.11
"papers_variance[0, 2]_t0_MP_SAGE_nl32of8_cm5GB",SAGE,1024,128,16,4,"[10, 10, 10]",dryrun,5.0GB,cm5GB,111059956,14215674368,0,0,7,36,16604.64,210.26,10508.61,27323.51
papers_t0_DP_SAGE_nl32of8_cm6GB,SAGE,1024,128,16,4,"[10, 10, 10]",dryrun,6.0GB,cm6GB,12582912,1610612736,0,0,7,36,208.5,341.08,438.92,988.5
papers_t0_NP_SAGE_nl32of8_cm6GB,SAGE,1024,128,16,4,"[10, 10, 10]",dryrun,6.0GB,cm6GB,12582912,1610612736,0,0,7,36,425.66,347.57,648.71,1421.94
papers_variance[0]_t0_MP_SAGE_nl32of8_cm6GB,SAGE,1024,128,16,4,"[10, 10, 10]",dryrun,6.0GB,cm6GB,111059956,14215674368,0,0,7,36,17257.96,212.25,10384.5,27854.7
papers_t0_DP_SAGE_nl32of8_cm7GB,SAGE,1024,128,16,4,"[10, 10, 10]",dryrun,7.0GB,cm7GB,14680064,1879048192,0,0,7,36,212.59,348.83,435.49,996.91
papers_t0_NP_SAGE_nl32of8_cm7GB,SAGE,1024,128,16,4,"[10, 10, 10]",dryrun,7.0GB,cm7GB,14680064,1879048192,0,0,7,36,434.04,346.76,669.44,1450.24
"papers_variance[0, 2]_t0_MP_SAGE_nl32of8_cm7GB",SAGE,1024,128,16,4,"[10, 10, 10]",dryrun,7.0GB,cm7GB,111059956,14215674368,0,0,7,36,15888.49,212.36,10593.55,26694.4
papers_t0_DP_SAGE_nl32of8_cm8GB,SAGE,1024,128,16,4,"[10, 10, 10]",dryrun,8.0GB,cm8GB,16777216,2147483648,0,0,7,36,219.04,351.28,477.2,1047.52
papers_t0_NP_SAGE_nl32of8_cm8GB,SAGE,1024,128,16,4,"[10, 10, 10]",dryrun,8.0GB,cm8GB,16777216,2147483648,0,0,7,36,421.14,334.85,662.89,1418.87
papers_variance[0]_t0_MP_SAGE_nl32of8_cm8GB,SAGE,1024,128,16,4,"[10, 10, 10]",dryrun,8.0GB,cm8GB,111059956,14215674368,0,0,7,36,15989.22,212.22,10368.97,26570.41
